"customer_id","first_name","last_name","email"
2,"Patricia","Johnson","patricia.johnson@sakilacustomer.org"
3,"Linda","Williams","linda.williams@sakilacustomer.org"
4,"Barbara","Jones","barbara.jones@sakilacustomer.org"
8,"Susan","Wilson","susan.wilson@sakilacustomer.org"
11,"Lisa","Anderson","lisa.anderson@sakilacustomer.org"
12,"Nancy","Thomas","nancy.thomas@sakilacustomer.org"
13,"Karen","Jackson","karen.jackson@sakilacustomer.org"
16,"Sandra","Martin","sandra.martin@sakilacustomer.org"
17,"Donna","Thompson","donna.thompson@sakilacustomer.org"
19,"Ruth","Martinez","ruth.martinez@sakilacustomer.org"
20,"Sharon","Robinson","sharon.robinson@sakilacustomer.org"
29,"Angela","Hernandez","angela.hernandez@sakilacustomer.org"
30,"Melissa","King","melissa.king@sakilacustomer.org"
33,"Anna","Hill","anna.hill@sakilacustomer.org"
35,"Virginia","Green","virginia.green@sakilacustomer.org"
38,"Martha","Gonzalez","martha.gonzalez@sakilacustomer.org"
39,"Debra","Nelson","debra.nelson@sakilacustomer.org"
40,"Amanda","Carter","amanda.carter@sakilacustomer.org"
41,"Stephanie","Mitchell","stephanie.mitchell@sakilacustomer.org"
43,"Christine","Roberts","christine.roberts@sakilacustomer.org"
45,"Janet","Phillips","janet.phillips@sakilacustomer.org"
46,"Catherine","Campbell","catherine.campbell@sakilacustomer.org"
47,"Frances","Parker","frances.parker@sakilacustomer.org"
48,"Ann","Evans","ann.evans@sakilacustomer.org"
50,"Diane","Collins","diane.collins@sakilacustomer.org"
52,"Julie","Sanchez","julie.sanchez@sakilacustomer.org"
57,"Evelyn","Morgan","evelyn.morgan@sakilacustomer.org"
58,"Jean","Bell","jean.bell@sakilacustomer.org"
61,"Katherine","Rivera","katherine.rivera@sakilacustomer.org"
62,"Joan","Cooper","joan.cooper@sakilacustomer.org"
63,"Ashley","Richardson","ashley.richardson@sakilacustomer.org"
66,"Janice","Ward","janice.ward@sakilacustomer.org"
68,"Nicole","Peterson","nicole.peterson@sakilacustomer.org"
70,"Christina","Ramirez","christina.ramirez@sakilacustomer.org"
72,"Theresa","Watson","theresa.watson@sakilacustomer.org"
75,"Tammy","Sanders","tammy.sanders@sakilacustomer.org"
77,"Jane","Bennett","jane.bennett@sakilacustomer.org"
81,"Andrea","Henderson","andrea.henderson@sakilacustomer.org"
82,"Kathryn","Coleman","kathryn.coleman@sakilacustomer.org"
83,"Louise","Jenkins","louise.jenkins@sakilacustomer.org"
85,"Anne","Powell","anne.powell@sakilacustomer.org"
86,"Jacqueline","Long","jacqueline.long@sakilacustomer.org"
87,"Wanda","Patterson","wanda.patterson@sakilacustomer.org"
88,"Bonnie","Hughes","bonnie.hughes@sakilacustomer.org"
90,"Ruby","Washington","ruby.washington@sakilacustomer.org"
92,"Tina","Simmons","tina.simmons@sakilacustomer.org"
94,"Norma","Gonzales","norma.gonzales@sakilacustomer.org"
95,"Paula","Bryant","paula.bryant@sakilacustomer.org"
96,"Diana","Alexander","diana.alexander@sakilacustomer.org"
97,"Annie","Russell","annie.russell@sakilacustomer.org"
98,"Lillian","Griffin","lillian.griffin@sakilacustomer.org"
100,"Robin","Hayes","robin.hayes@sakilacustomer.org"
103,"Gladys","Hamilton","gladys.hamilton@sakilacustomer.org"
105,"Dawn","Sullivan","dawn.sullivan@sakilacustomer.org"
106,"Connie","Wallace","connie.wallace@sakilacustomer.org"
110,"Tiffany","Jordan","tiffany.jordan@sakilacustomer.org"
113,"Cindy","Fisher","cindy.fisher@sakilacustomer.org"
115,"Wendy","Harrison","wendy.harrison@sakilacustomer.org"
116,"Victoria","Gibson","victoria.gibson@sakilacustomer.org"
117,"Edith","Mcdonald","edith.mcdonald@sakilacustomer.org"
121,"Josephine","Gomez","josephine.gomez@sakilacustomer.org"
123,"Shannon","Freeman","shannon.freeman@sakilacustomer.org"
126,"Ellen","Simpson","ellen.simpson@sakilacustomer.org"
127,"Elaine","Stevens","elaine.stevens@sakilacustomer.org"
131,"Monica","Hicks","monica.hicks@sakilacustomer.org"
133,"Pauline","Henry","pauline.henry@sakilacustomer.org"
135,"Juanita","Mason","juanita.mason@sakilacustomer.org"
136,"Anita","Morales","anita.morales@sakilacustomer.org"
137,"Rhonda","Kennedy","rhonda.kennedy@sakilacustomer.org"
139,"Amber","Dixon","amber.dixon@sakilacustomer.org"
143,"Leslie","Gordon","leslie.gordon@sakilacustomer.org"
147,"Joanne","Robertson","joanne.robertson@sakilacustomer.org"
148,"Eleanor","Hunt","eleanor.hunt@sakilacustomer.org"
150,"Danielle","Daniels","danielle.daniels@sakilacustomer.org"
151,"Megan","Palmer","megan.palmer@sakilacustomer.org"
153,"Suzanne","Nichols","suzanne.nichols@sakilacustomer.org"
154,"Michele","Grant","michele.grant@sakilacustomer.org"
156,"Bertha","Ferguson","bertha.ferguson@sakilacustomer.org"
158,"Veronica","Stone","veronica.stone@sakilacustomer.org"
159,"Jill","Hawkins","jill.hawkins@sakilacustomer.org"
160,"Erin","Dunn","erin.dunn@sakilacustomer.org"
161,"Geraldine","Perkins","geraldine.perkins@sakilacustomer.org"
162,"Lauren","Hudson","lauren.hudson@sakilacustomer.org"
164,"Joann","Gardner","joann.gardner@sakilacustomer.org"
165,"Lorraine","Stephens","lorraine.stephens@sakilacustomer.org"
168,"Regina","Berry","regina.berry@sakilacustomer.org"
174,"Yvonne","Watkins","yvonne.watkins@sakilacustomer.org"
175,"Annette","Olson","annette.olson@sakilacustomer.org"
177,"Samantha","Duncan","samantha.duncan@sakilacustomer.org"
178,"Marion","Snyder","marion.snyder@sakilacustomer.org"
179,"Dana","Hart","dana.hart@sakilacustomer.org"
180,"Stacy","Cunningham","stacy.cunningham@sakilacustomer.org"
181,"Ana","Bradley","ana.bradley@sakilacustomer.org"
182,"Renee","Lane","renee.lane@sakilacustomer.org"
183,"Ida","Andrews","ida.andrews@sakilacustomer.org"
184,"Vivian","Ruiz","vivian.ruiz@sakilacustomer.org"
187,"Brittany","Riley","brittany.riley@sakilacustomer.org"
188,"Melanie","Armstrong","melanie.armstrong@sakilacustomer.org"
190,"Yolanda","Weaver","yolanda.weaver@sakilacustomer.org"
191,"Jeanette","Greene","jeanette.greene@sakilacustomer.org"
195,"Vanessa","Sims","vanessa.sims@sakilacustomer.org"
196,"Alma","Austin","alma.austin@sakilacustomer.org"
199,"Beth","Franklin","beth.franklin@sakilacustomer.org"
200,"Jeanne","Lawson","jeanne.lawson@sakilacustomer.org"
203,"Tara","Ryan","tara.ryan@sakilacustomer.org"
209,"Tonya","Chapman","tonya.chapman@sakilacustomer.org"
211,"Stacey","Montgomery","stacey.montgomery@sakilacustomer.org"
213,"Gina","Williamson","gina.williamson@sakilacustomer.org"
214,"Kristin","Johnston","kristin.johnston@sakilacustomer.org"
215,"Jessie","Banks","jessie.banks@sakilacustomer.org"
221,"Bessie","Morrison","bessie.morrison@sakilacustomer.org"
222,"Delores","Hansen","delores.hansen@sakilacustomer.org"
223,"Melinda","Fernandez","melinda.fernandez@sakilacustomer.org"
227,"Colleen","Burton","colleen.burton@sakilacustomer.org"
228,"Allison","Stanley","allison.stanley@sakilacustomer.org"
232,"Constance","Reid","constance.reid@sakilacustomer.org"
236,"Marcia","Dean","marcia.dean@sakilacustomer.org"
237,"Tanya","Gilbert","tanya.gilbert@sakilacustomer.org"
239,"Minnie","Romero","minnie.romero@sakilacustomer.org"
241,"Heidi","Larson","heidi.larson@sakilacustomer.org"
244,"Viola","Hanson","viola.hanson@sakilacustomer.org"
246,"Marian","Mendoza","marian.mendoza@sakilacustomer.org"
248,"Caroline","Bowman","caroline.bowman@sakilacustomer.org"
249,"Dora","Medina","dora.medina@sakilacustomer.org"
252,"Mattie","Hoffman","mattie.hoffman@sakilacustomer.org"
253,"Terry","Carlson","terry.carlson@sakilacustomer.org"
254,"Maxine","Silva","maxine.silva@sakilacustomer.org"
255,"Irma","Pearson","irma.pearson@sakilacustomer.org"
256,"Mabel","Holland","mabel.holland@sakilacustomer.org"
258,"Myrtle","Fleming","myrtle.fleming@sakilacustomer.org"
261,"Deanna","Byrd","deanna.byrd@sakilacustomer.org"
262,"Patsy","Davidson","patsy.davidson@sakilacustomer.org"
263,"Hilda","Hopkins","hilda.hopkins@sakilacustomer.org"
268,"Nina","Soto","nina.soto@sakilacustomer.org"
269,"Cassandra","Walters","cassandra.walters@sakilacustomer.org"
274,"Naomi","Jennings","naomi.jennings@sakilacustomer.org"
276,"Brandy","Graves","brandy.graves@sakilacustomer.org"
278,"Billie","Horton","billie.horton@sakilacustomer.org"
279,"Dianne","Shelton","dianne.shelton@sakilacustomer.org"
281,"Leona","Obrien","leona.obrien@sakilacustomer.org"
283,"Felicia","Sutton","felicia.sutton@sakilacustomer.org"
284,"Sonia","Gregory","sonia.gregory@sakilacustomer.org"
285,"Miriam","Mckinney","miriam.mckinney@sakilacustomer.org"
290,"Kristina","Chambers","kristina.chambers@sakilacustomer.org"
291,"Toni","Holt","toni.holt@sakilacustomer.org"
296,"Ramona","Hale","ramona.hale@sakilacustomer.org"
299,"James","Gannon","james.gannon@sakilacustomer.org"
301,"Robert","Baughman","robert.baughman@sakilacustomer.org"
302,"Michael","Silverman","michael.silverman@sakilacustomer.org"
310,"Daniel","Cabral","daniel.cabral@sakilacustomer.org"
312,"Mark","Rinehart","mark.rinehart@sakilacustomer.org"
313,"Donald","Mahon","donald.mahon@sakilacustomer.org"
314,"George","Linton","george.linton@sakilacustomer.org"
318,"Brian","Wyman","brian.wyman@sakilacustomer.org"
319,"Ronald","Weiner","ronald.weiner@sakilacustomer.org"
320,"Anthony","Schwab","anthony.schwab@sakilacustomer.org"
321,"Kevin","Schuler","kevin.schuler@sakilacustomer.org"
322,"Jason","Morrissey","jason.morrissey@sakilacustomer.org"
323,"Matthew","Mahan","matthew.mahan@sakilacustomer.org"
326,"Jose","Andrew","jose.andrew@sakilacustomer.org"
329,"Frank","Waggoner","frank.waggoner@sakilacustomer.org"
333,"Andrew","Purdy","andrew.purdy@sakilacustomer.org"
334,"Raymond","Mcwhorter","raymond.mcwhorter@sakilacustomer.org"
335,"Gregory","Mauldin","gregory.mauldin@sakilacustomer.org"
337,"Jerry","Jordon","jerry.jordon@sakilacustomer.org"
338,"Dennis","Gilman","dennis.gilman@sakilacustomer.org"
339,"Walter","Perryman","walter.perryman@sakilacustomer.org"
342,"Harold","Martino","harold.martino@sakilacustomer.org"
344,"Henry","Billingsley","henry.billingsley@sakilacustomer.org"
346,"Arthur","Simpkins","arthur.simpkins@sakilacustomer.org"
347,"Ryan","Salisbury","ryan.salisbury@sakilacustomer.org"
348,"Roger","Quintanilla","roger.quintanilla@sakilacustomer.org"
349,"Joe","Gilliland","joe.gilliland@sakilacustomer.org"
350,"Juan","Fraley","juan.fraley@sakilacustomer.org"
353,"Jonathan","Scarborough","jonathan.scarborough@sakilacustomer.org"
354,"Justin","Ngo","justin.ngo@sakilacustomer.org"
361,"Lawrence","Lawton","lawrence.lawton@sakilacustomer.org"
363,"Roy","Whiting","roy.whiting@sakilacustomer.org"
364,"Benjamin","Varney","benjamin.varney@sakilacustomer.org"
366,"Brandon","Huey","brandon.huey@sakilacustomer.org"
370,"Wayne","Truong","wayne.truong@sakilacustomer.org"
371,"Billy","Poulin","billy.poulin@sakilacustomer.org"
373,"Louis","Leone","louis.leone@sakilacustomer.org"
375,"Aaron","Selby","aaron.selby@sakilacustomer.org"
376,"Randy","Gaither","randy.gaither@sakilacustomer.org"
379,"Carlos","Coughlin","carlos.coughlin@sakilacustomer.org"
380,"Russell","Brinson","russell.brinson@sakilacustomer.org"
383,"Martin","Bales","martin.bales@sakilacustomer.org"
386,"Todd","Tan","todd.tan@sakilacustomer.org"
387,"Jesse","Schilling","jesse.schilling@sakilacustomer.org"
389,"Alan","Kahn","alan.kahn@sakilacustomer.org"
390,"Shawn","Heaton","shawn.heaton@sakilacustomer.org"
392,"Sean","Douglass","sean.douglass@sakilacustomer.org"
395,"Johnny","Turpin","johnny.turpin@sakilacustomer.org"
396,"Earl","Shanks","earl.shanks@sakilacustomer.org"
398,"Antonio","Meek","antonio.meek@sakilacustomer.org"
399,"Danny","Isom","danny.isom@sakilacustomer.org"
400,"Bryan","Hardison","bryan.hardison@sakilacustomer.org"
401,"Tony","Carranza","tony.carranza@sakilacustomer.org"
402,"Luis","Yanez","luis.yanez@sakilacustomer.org"
404,"Stanley","Scroggins","stanley.scroggins@sakilacustomer.org"
405,"Leonard","Schofield","leonard.schofield@sakilacustomer.org"
406,"Nathan","Runyon","nathan.runyon@sakilacustomer.org"
408,"Manuel","Murrell","manuel.murrell@sakilacustomer.org"
411,"Norman","Currier","norman.currier@sakilacustomer.org"
413,"Marvin","Yee","marvin.yee@sakilacustomer.org"
414,"Vincent","Ralston","vincent.ralston@sakilacustomer.org"
416,"Jeffery","Pinson","jeffery.pinson@sakilacustomer.org"
419,"Chad","Carbone","chad.carbone@sakilacustomer.org"
420,"Jacob","Lance","jacob.lance@sakilacustomer.org"
422,"Melvin","Ellington","melvin.ellington@sakilacustomer.org"
425,"Francis","Sikes","francis.sikes@sakilacustomer.org"
431,"Joel","Francisco","joel.francisco@sakilacustomer.org"
432,"Edwin","Burk","edwin.burk@sakilacustomer.org"
433,"Don","Bone","don.bone@sakilacustomer.org"
434,"Eddie","Tomlin","eddie.tomlin@sakilacustomer.org"
437,"Randall","Neumann","randall.neumann@sakilacustomer.org"
439,"Alexander","Fennell","alexander.fennell@sakilacustomer.org"
442,"Leroy","Bustamante","leroy.bustamante@sakilacustomer.org"
443,"Francisco","Skidmore","francisco.skidmore@sakilacustomer.org"
445,"Micheal","Forman","micheal.forman@sakilacustomer.org"
448,"Miguel","Betancourt","miguel.betancourt@sakilacustomer.org"
449,"Oscar","Aquino","oscar.aquino@sakilacustomer.org"
453,"Calvin","Martel","calvin.martel@sakilacustomer.org"
455,"Jon","Wiles","jon.wiles@sakilacustomer.org"
456,"Ronnie","Ricketts","ronnie.ricketts@sakilacustomer.org"
457,"Bill","Gavin","bill.gavin@sakilacustomer.org"
460,"Leon","Bostic","leon.bostic@sakilacustomer.org"
464,"Jerome","Kenyon","jerome.kenyon@sakilacustomer.org"
465,"Floyd","Gandy","floyd.gandy@sakilacustomer.org"
467,"Alvin","Deloach","alvin.deloach@sakilacustomer.org"
470,"Gordon","Allard","gordon.allard@sakilacustomer.org"
471,"Dean","Sauer","dean.sauer@sakilacustomer.org"
472,"Greg","Robins","greg.robins@sakilacustomer.org"
474,"Dustin","Gillette","dustin.gillette@sakilacustomer.org"
477,"Dan","Paine","dan.paine@sakilacustomer.org"
478,"Lewis","Lyman","lewis.lyman@sakilacustomer.org"
481,"Herman","Devore","herman.devore@sakilacustomer.org"
483,"Vernon","Chapa","vernon.chapa@sakilacustomer.org"
487,"Hector","Poindexter","hector.poindexter@sakilacustomer.org"
488,"Shane","Millard","shane.millard@sakilacustomer.org"
493,"Brent","Harkins","brent.harkins@sakilacustomer.org"
494,"Ramon","Choate","ramon.choate@sakilacustomer.org"
498,"Gene","Sanborn","gene.sanborn@sakilacustomer.org"
500,"Reginald","Kinder","reginald.kinder@sakilacustomer.org"
503,"Angel","Barclay","angel.barclay@sakilacustomer.org"
504,"Nathaniel","Adam","nathaniel.adam@sakilacustomer.org"
508,"Milton","Howland","milton.howland@sakilacustomer.org"
512,"Cecil","Vines","cecil.vines@sakilacustomer.org"
513,"Duane","Tubbs","duane.tubbs@sakilacustomer.org"
514,"Franklin","Troutman","franklin.troutman@sakilacustomer.org"
515,"Andre","Rapp","andre.rapp@sakilacustomer.org"
519,"Ron","Deluca","ron.deluca@sakilacustomer.org"
520,"Mitchell","Westmoreland","mitchell.westmoreland@sakilacustomer.org"
521,"Roland","South","roland.south@sakilacustomer.org"
525,"Adrian","Clary","adrian.clary@sakilacustomer.org"
527,"Cory","Meehan","cory.meehan@sakilacustomer.org"
534,"Christian","Jung","christian.jung@sakilacustomer.org"
536,"Fernando","Churchill","fernando.churchill@sakilacustomer.org"
537,"Clinton","Buford","clinton.buford@sakilacustomer.org"
539,"Mathew","Bolin","mathew.bolin@sakilacustomer.org"
540,"Tyrone","Asher","tyrone.asher@sakilacustomer.org"
541,"Darren","Windham","darren.windham@sakilacustomer.org"
542,"Lonnie","Tirado","lonnie.tirado@sakilacustomer.org"
543,"Lance","Pemberton","lance.pemberton@sakilacustomer.org"
545,"Julio","Noland","julio.noland@sakilacustomer.org"
547,"Kurt","Emmons","kurt.emmons@sakilacustomer.org"
548,"Allan","Cornish","allan.cornish@sakilacustomer.org"
549,"Nelson","Christenson","nelson.christenson@sakilacustomer.org"
551,"Clayton","Barbee","clayton.barbee@sakilacustomer.org"
556,"Armando","Gruber","armando.gruber@sakilacustomer.org"
558,"Jimmie","Eggleston","jimmie.eggleston@sakilacustomer.org"
559,"Everett","Banda","everett.banda@sakilacustomer.org"
560,"Jordan","Archuleta","jordan.archuleta@sakilacustomer.org"
561,"Ian","Still","ian.still@sakilacustomer.org"
562,"Wallace","Slone","wallace.slone@sakilacustomer.org"
568,"Alberto","Henning","alberto.henning@sakilacustomer.org"
569,"Dave","Gardiner","dave.gardiner@sakilacustomer.org"
570,"Ivan","Cromwell","ivan.cromwell@sakilacustomer.org"
572,"Sidney","Burleson","sidney.burleson@sakilacustomer.org"
573,"Byron","Box","byron.box@sakilacustomer.org"
574,"Julian","Vest","julian.vest@sakilacustomer.org"
577,"Clifton","Malcolm","clifton.malcolm@sakilacustomer.org"
578,"Willard","Lumpkin","willard.lumpkin@sakilacustomer.org"
582,"Andy","Vanhorn","andy.vanhorn@sakilacustomer.org"
587,"Sergio","Stanfield","sergio.stanfield@sakilacustomer.org"
588,"Marion","Ocampo","marion.ocampo@sakilacustomer.org"
589,"Tracy","Herrmann","tracy.herrmann@sakilacustomer.org"
590,"Seth","Hannon","seth.hannon@sakilacustomer.org"
592,"Terrance","Roush","terrance.roush@sakilacustomer.org"
595,"Terrence","Gunderson","terrence.gunderson@sakilacustomer.org"
597,"Freddie","Duggan","freddie.duggan@sakilacustomer.org"
599,"Austin","Cintron","austin.cintron@sakilacustomer.org"
